{
  "packages/tooling/src/generateToolData.ts": 1777640981.43593,
  "packages/tooling/src/index.ts": 1777606344.6185815,
  "packages/shared/src/schemas.ts": 1777640955.2477322,
  "packages/shared/src/types.ts": 1777640965.3455288,
  "packages/shared/src/index.ts": 1777606121.996531,
  "packages/cli/src/index.ts": 1777639102.1282089,
  "packages/cli/src/__tests__/ledger.test.ts": 1777639224.8393214,
  "packages/cli/src/__tests__/hash.test.ts": 1777639202.9802558,
  "packages/cli/src/__tests__/zip.test.ts": 1777639202.98028,
  "packages/cli/src/__tests__/paths.test.ts": 1777639224.8393185,
  "packages/cli/src/__tests__/menuConfig.test.ts": 1777639202.980309,
  "packages/cli/src/lib/output.ts": 1777637856.8913722,
  "packages/cli/src/lib/http.ts": 1777638145.0858204,
  "packages/cli/src/lib/zip.ts": 1777638145.0858126,
  "packages/cli/src/lib/hash.ts": 1777637856.8913271,
  "packages/cli/src/lib/types.ts": 1777637856.8913093,
  "packages/cli/src/lib/menuConfig.ts": 1777638145.085911,
  "packages/cli/src/lib/ledger.ts": 1777638797.5291784,
  "packages/cli/src/lib/paths.ts": 1777638145.085832,
  "packages/cli/src/lib/backup.ts": 1777638145.085855,
  "packages/cli/src/commands/ping.ts": 1777638145.1003149,
  "packages/cli/src/commands/verify.ts": 1777638145.1084266,
  "packages/cli/src/commands/install.ts": 1777638436.6381452,
  "packages/cli/src/commands/search.ts": 1777638145.1003559,
  "packages/cli/src/commands/uninstall.ts": 1777638890.1339498,
  "packages/cli/src/commands/download.ts": 1777638145.1083896,
  "packages/cli/src/commands/plan.ts": 1777638145.1042848,
  "packages/cli/src/commands/show.ts": 1777638145.1001196,
  "data/tool-docs/TestSelectionAuditTool.py": 1777562521.0,
  "data/tool-docs/ActorRenameTool.py": 1777561057.0,
  "data/tool-docs/actor-rename-tool/ActorRenameTool.py": 1777611811.3886664,
  "data/tool-docs/actor-rename-tool/__init__.py": 1777611811.3888571,
  "apps/web/vite.config.ts": 1777605042.3037934,
  "apps/web/public/install/cli.ps1": 1777640006.4820573,
  "apps/web/public/downloads/actor-rename-tool/1.1.0/ActorRenameTool/ActorRenameTool.py": 1777609782.7264924,
  "apps/web/public/downloads/actor-rename-tool/1.1.0/ActorRenameTool/__init__.py": 1777609782.7265792,
  "apps/web/public/downloads/actor-rename-tool/1.2.0/ActorRenameTool/ActorRenameTool.py": 1777641853.579834,
  "apps/web/public/downloads/actor-rename-tool/1.2.0/ActorRenameTool/__init__.py": 1777641853.5799189,
  "apps/web/public/downloads/test-selection-audit-tool/0.2.0/TestSelectionAuditTool/TestSelectionAuditTool.py": 1777641853.5839307,
  "apps/web/public/downloads/test-selection-audit-tool/0.2.0/TestSelectionAuditTool/__init__.py": 1777641853.5840018,
  "apps/web/src/App.tsx": 1777605698.9995277,
  "apps/web/src/main.tsx": 1777525987.0,
  "apps/web/src/types.ts": 1777605955.1381533,
  "apps/web/src/features/tools/diff.ts": 1777605955.1227016,
  "apps/web/src/features/tools/display.ts": 1777605673.8481154,
  "apps/web/src/features/submissions/SubmissionWorkbench.tsx": 1777607117.4809458,
  "apps/web/src/hooks/useToolFilters.ts": 1777605955.1226594,
  "apps/web/src/data/registry.ts": 1777607675.9251845,
  "apps/web/src/pages/ToolHubPage.tsx": 1777641045.034697,
  "apps/web/src/services/toolRegistry.ts": 1777607675.925068,
  "apps/web/src/services/submissionWorkflow.ts": 1777607117.480905,
  "apps/api/src/server.ts": 1777606778.6533024,
  "apps/api/src/database/client.ts": 1777606778.6533086,
  "apps/api/src/app/createApp.ts": 1777607492.5295784,
  "apps/api/src/config/env.ts": 1777607117.477588,
  "apps/api/src/repositories/submissionRepository.ts": 1777607319.7272756,
  "apps/api/src/repositories/staticToolRepository.ts": 1777606778.6534152,
  "apps/api/src/repositories/pgSubmissionRepository.ts": 1777607319.7324238,
  "apps/api/src/repositories/fileSubmissionRepository.ts": 1777607319.722921,
  "apps/api/src/routes/submissions.ts": 1777607319.7224624,
  "apps/api/src/routes/downloads.ts": 1777609882.0811412,
  "apps/api/src/routes/downloads.test.ts": 1777609882.0811765,
  "apps/api/src/routes/tools.ts": 1777640907.1614146,
  "apps/api/src/routes/health.ts": 1777606778.6686742,
  "apps/api/src/services/submissionWorkflow.ts": 1777607319.7229562,
  "apps/api/src/services/submissionWorkflow.test.ts": 1777607319.7324233,
  "README.md": 1777641573.4162345,
  "README_CN.md": 1777641704.2257462,
  "tool-hub-plan.md": 1777638783.6361117,
  "docs/cli-installation-plan.md": 1777635946.3973544,
  "docs/implementation-notes.md": 1777608279.0384119,
  "docs/execution-roadmap.md": 1777609882.0677302,
  "data/tool-docs/test-selection-audit-tool.md": 1777562521.0,
  "data/tool-docs/actor-rename-tool.md": 1777561057.0,
  "data/tool-docs/actor-rename-tool/actor-rename-tool.md": 1777611811.387618,
  "apps/web/public/downloads/actor-rename-tool/1.0.0/README.md": 1777641853.5815895,
  "apps/web/public/downloads/actor-rename-tool/1.1.0/tool.md": 1777609782.7261603,
  "apps/web/public/downloads/actor-rename-tool/1.1.0/README.md": 1777609782.7260728,
  "apps/web/public/downloads/actor-rename-tool/1.2.0/tool.md": 1777641853.579423,
  "apps/web/public/downloads/actor-rename-tool/1.2.0/README.md": 1777641853.5793064,
  "apps/web/public/downloads/test-selection-audit-tool/0.1.0/README.md": 1777641853.5851917,
  "apps/web/public/downloads/test-selection-audit-tool/0.2.0/tool.md": 1777641853.583599,
  "apps/web/public/downloads/test-selection-audit-tool/0.2.0/README.md": 1777641853.5835009
}